<?xml version="1.0" encoding="UTF-8"?>
<!DOCTYPE mapper PUBLIC "-//mybatis.org//DTD Mapper 3.0//EN" "http://mybatis.org/dtd/mybatis-3-mapper.dtd">

<mapper namespace="io.renren.dao.DishFlavorDao">

    <resultMap type="io.renren.common.entity.DishFlavorEntity" id="dishFlavorMap">
        <result property="id" column="id"/>
        <result property="dishId" column="dish_id"/>
        <result property="name" column="name"/>
        <result property="value" column="value"/>
        <result property="creator" column="creator"/>
        <result property="createDate" column="create_date"/>
        <result property="updater" column="updater"/>
        <result property="updateDate" column="update_date"/>
        <result property="isDeleted" column="is_deleted"/>
    </resultMap>


</mapper>