<?xml version="1.0" encoding="UTF-8"?>
<!DOCTYPE mapper PUBLIC "-//mybatis.org//DTD Mapper 3.0//EN" "http://mybatis.org/dtd/mybatis-3-mapper.dtd">

<mapper namespace="io.renren.dao.ShoppingCartDao">

    <resultMap type="io.renren.common.entity.ShoppingCartEntity" id="shoppingCartMap">
        <result property="id" column="id"/>
        <result property="name" column="name"/>
        <result property="image" column="image"/>
        <result property="userId" column="user_id"/>
        <result property="dishId" column="dish_id"/>
        <result property="setmealId" column="setmeal_id"/>
        <result property="dishFlavor" column="dish_flavor"/>
        <result property="number" column="number"/>
        <result property="amount" column="amount"/>
        <result property="creator" column="creator"/>
        <result property="createDate" column="create_date"/>
        <result property="updater" column="updater"/>
        <result property="updateDate" column="update_date"/>
    </resultMap>


</mapper>