<?xml version="1.0" encoding="UTF-8"?>
<!DOCTYPE mapper PUBLIC "-//mybatis.org//DTD Mapper 3.0//EN" "http://mybatis.org/dtd/mybatis-3-mapper.dtd">

<mapper namespace="io.renren.modules.takeout.dao.AddressBookDao">

    <resultMap type="io.renren.common.entity.AddressBookEntity" id="addressBookMap">
        <result property="id" column="id"/>
        <result property="userId" column="user_id"/>
        <result property="consignee" column="consignee"/>
        <result property="gender" column="gender"/>
        <result property="phone" column="phone"/>
        <result property="provinceCode" column="province_code"/>
        <result property="provinceName" column="province_name"/>
        <result property="cityCode" column="city_code"/>
        <result property="cityName" column="city_name"/>
        <result property="districtCode" column="district_code"/>
        <result property="districtName" column="district_name"/>
        <result property="detail" column="detail"/>
        <result property="label" column="label"/>
        <result property="isDefault" column="is_default"/>
        <result property="creator" column="creator"/>
        <result property="createDate" column="create_date"/>
        <result property="updater" column="updater"/>
        <result property="updateDate" column="update_date"/>
        <result property="isDeleted" column="is_deleted"/>
    </resultMap>


</mapper>