<?xml version="1.0" encoding="UTF-8"?>
<!DOCTYPE mapper PUBLIC "-//mybatis.org//DTD Mapper 3.0//EN" "http://mybatis.org/dtd/mybatis-3-mapper.dtd">

<mapper namespace="io.renren.modules.takeout.dao.CategoryDao">

    <resultMap type="io.renren.common.entity.CategoryEntity" id="categoryMap">
        <result property="id" column="id"/>
        <result property="type" column="type"/>
        <result property="name" column="name"/>
        <result property="sort" column="sort"/>
        <result property="creator" column="creator"/>
        <result property="createDate" column="create_date"/>
        <result property="updater" column="updater"/>
        <result property="updateDate" column="update_date"/>
    </resultMap>


</mapper>