<?xml version="1.0" encoding="UTF-8"?>
<!DOCTYPE mapper PUBLIC "-//mybatis.org//DTD Mapper 3.0//EN" "http://mybatis.org/dtd/mybatis-3-mapper.dtd">

<mapper namespace="io.renren.modules.takeout.dao.OrdersDao">

    <resultMap type="io.renren.common.entity.OrdersEntity" id="ordersMap">
        <result property="id" column="id"/>
        <result property="number" column="number"/>
        <result property="status" column="status"/>
        <result property="userId" column="user_id"/>
        <result property="addressBookId" column="address_book_id"/>
        <result property="orderTime" column="order_time"/>
        <result property="checkoutTime" column="checkout_time"/>
        <result property="payMethod" column="pay_method"/>
        <result property="amount" column="amount"/>
        <result property="remark" column="remark"/>
        <result property="phone" column="phone"/>
        <result property="address" column="address"/>
        <result property="userName" column="user_name"/>
        <result property="consignee" column="consignee"/>
    </resultMap>


</mapper>