<?xml version="1.0" encoding="UTF-8"?>
<!DOCTYPE mapper PUBLIC "-//mybatis.org//DTD Mapper 3.0//EN" "http://mybatis.org/dtd/mybatis-3-mapper.dtd">

<mapper namespace="io.renren.modules.takeout.dao.SetmealDao">

    <resultMap type="io.renren.common.entity.SetmealEntity" id="setmealMap">
        <result property="id" column="id"/>
        <result property="categoryId" column="category_id"/>
        <result property="name" column="name"/>
        <result property="price" column="price"/>
        <result property="status" column="status"/>
        <result property="code" column="code"/>
        <result property="description" column="description"/>
        <result property="image" column="image"/>
        <result property="creator" column="creator"/>
        <result property="createDate" column="create_date"/>
        <result property="updater" column="updater"/>
        <result property="updateDate" column="update_date"/>
        <result property="isDeleted" column="is_deleted"/>
    </resultMap>


</mapper>